{
  "prepare_queue": {
    "installed": [],
    "uninstalled": []
  },
  "config_munge": {
    "files": {
      "res/xml/config.xml": {
        "parents": {
          "/*": [
            {
              "xml": "<feature name=\"BackgroundFetch\"><param name=\"android-package\" value=\"com.transistorsoft.cordova.backgroundfetch.CDVBackgroundFetch\" /></feature>",
              "count": 1
            },
            {
              "xml": "<feature name=\"Device\"><param name=\"android-package\" value=\"org.apache.cordova.device.Device\" /></feature>",
              "count": 1
            },
            {
              "xml": "<feature name=\"BackgroundMode\"><param name=\"android-package\" value=\"de.appplant.cordova.plugin.background.BackgroundMode\" /></feature>",
              "count": 1
            },
            {
              "xml": "<feature name=\"BackgroundModeExt\"><param name=\"android-package\" value=\"de.appplant.cordova.plugin.background.BackgroundModeExt\" /></feature>",
              "count": 1
            },
            {
              "xml": "<preference name=\"KeepRunning\" value=\"true\" />",
              "count": 1
            },
            {
              "xml": "<feature name=\"SplashScreen\"><param name=\"android-package\" value=\"org.apache.cordova.splashscreen.SplashScreen\" /><param name=\"onload\" value=\"true\" /></feature>",
              "count": 1
            },
            {
              "xml": "<feature name=\"Whitelist\"><param name=\"android-package\" value=\"org.apache.cordova.whitelist.WhitelistPlugin\" /><param name=\"onload\" value=\"true\" /></feature>",
              "count": 1
            }
          ]
        }
      },
      "AndroidManifest.xml": {
        "parents": {
          "/manifest/application": [
            {
              "xml": "<service android:exported=\"true\" android:name=\"com.transistorsoft.cordova.backgroundfetch.HeadlessJobService\" android:permission=\"android.permission.BIND_JOB_SERVICE\" />",
              "count": 1
            },
            {
              "xml": "<receiver android:name=\"com.transistorsoft.cordova.backgroundfetch.HeadlessBroadcastReceiver\"><intent-filter><action android:name=\"${applicationId}.event.BACKGROUND_FETCH\" /></intent-filter></receiver>",
              "count": 1
            },
            {
              "xml": "<service android:name=\"de.appplant.cordova.plugin.background.ForegroundService\" />",
              "count": 1
            }
          ],
          "/manifest": [
            {
              "xml": "<uses-permission android:name=\"android.permission.WAKE_LOCK\" />",
              "count": 1
            }
          ]
        }
      }
    }
  },
  "installed_plugins": {
    "cordova-plugin-background-fetch": {
      "PACKAGE_NAME": "ga.basok.coworkers"
    },
    "cordova-plugin-device": {
      "PACKAGE_NAME": "ga.basok.coworkers"
    },
    "cordova-plugin-background-mode": {
      "PACKAGE_NAME": "ga.basok.coworkers"
    },
    "cordova-plugin-splashscreen": {
      "PACKAGE_NAME": "ga.basok.coworkers"
    },
    "cordova-plugin-whitelist": {
      "PACKAGE_NAME": "ga.basok.coworkers"
    }
  },
  "dependent_plugins": {},
  "modules": [
    {
      "id": "cordova-plugin-background-fetch.BackgroundFetch",
      "file": "plugins/cordova-plugin-background-fetch/www/BackgroundFetch.js",
      "pluginId": "cordova-plugin-background-fetch",
      "clobbers": [
        "window.BackgroundFetch"
      ]
    },
    {
      "id": "cordova-plugin-device.device",
      "file": "plugins/cordova-plugin-device/www/device.js",
      "pluginId": "cordova-plugin-device",
      "clobbers": [
        "device"
      ]
    },
    {
      "id": "cordova-plugin-background-mode.BackgroundMode",
      "file": "plugins/cordova-plugin-background-mode/www/background-mode.js",
      "pluginId": "cordova-plugin-background-mode",
      "clobbers": [
        "cordova.plugins.backgroundMode",
        "plugin.backgroundMode"
      ]
    },
    {
      "id": "cordova-plugin-splashscreen.SplashScreen",
      "file": "plugins/cordova-plugin-splashscreen/www/splashscreen.js",
      "pluginId": "cordova-plugin-splashscreen",
      "clobbers": [
        "navigator.splashscreen"
      ]
    }
  ],
  "plugin_metadata": {
    "cordova-plugin-background-fetch": "5.6.1",
    "cordova-plugin-device": "2.0.3",
    "cordova-plugin-background-mode": "0.7.3",
    "cordova-plugin-splashscreen": "4.0.3",
    "cordova-plugin-whitelist": "1.3.4"
  }
}
