{
  "prepare_queue": {
    "installed": [],
    "uninstalled": []
  },
  "config_munge": {
    "files": {
      "config.xml": {
        "parents": {
          "/*": [
            {
              "xml": "<feature name=\"Device\"><param name=\"browser-package\" value=\"Device\" /></feature>",
              "count": 1
            },
            {
              "xml": "<feature name=\"BackgroundMode\"><param name=\"browser-package\" value=\"BackgroundMode\" /></feature>",
              "count": 1
            }
          ]
        }
      }
    }
  },
  "installed_plugins": {
    "cordova-plugin-background-fetch": {
      "PACKAGE_NAME": "ga.basok.coworkers"
    },
    "cordova-plugin-device": {
      "PACKAGE_NAME": "ga.basok.coworkers"
    },
    "cordova-plugin-background-mode": {
      "PACKAGE_NAME": "ga.basok.coworkers"
    },
    "cordova-plugin-splashscreen": {
      "PACKAGE_NAME": "ga.basok.coworkers"
    },
    "cordova-plugin-whitelist": {
      "PACKAGE_NAME": "ga.basok.coworkers"
    }
  },
  "dependent_plugins": {},
  "modules": [
    {
      "file": "plugins/cordova-plugin-background-fetch/www/BackgroundFetch.js",
      "id": "cordova-plugin-background-fetch.BackgroundFetch",
      "pluginId": "cordova-plugin-background-fetch",
      "clobbers": [
        "window.BackgroundFetch"
      ]
    },
    {
      "file": "plugins/cordova-plugin-device/www/device.js",
      "id": "cordova-plugin-device.device",
      "pluginId": "cordova-plugin-device",
      "clobbers": [
        "device"
      ]
    },
    {
      "file": "plugins/cordova-plugin-device/src/browser/DeviceProxy.js",
      "id": "cordova-plugin-device.DeviceProxy",
      "pluginId": "cordova-plugin-device",
      "runs": true
    },
    {
      "file": "plugins/cordova-plugin-background-mode/www/background-mode.js",
      "id": "cordova-plugin-background-mode.BackgroundMode",
      "pluginId": "cordova-plugin-background-mode",
      "clobbers": [
        "cordova.plugins.backgroundMode",
        "plugin.backgroundMode"
      ]
    },
    {
      "file": "plugins/cordova-plugin-background-mode/src/browser/BackgroundModeProxy.js",
      "id": "cordova-plugin-background-mode.BackgroundMode.Proxy",
      "pluginId": "cordova-plugin-background-mode",
      "runs": true
    },
    {
      "file": "plugins/cordova-plugin-splashscreen/www/splashscreen.js",
      "id": "cordova-plugin-splashscreen.SplashScreen",
      "pluginId": "cordova-plugin-splashscreen",
      "clobbers": [
        "navigator.splashscreen"
      ]
    },
    {
      "file": "plugins/cordova-plugin-splashscreen/src/browser/SplashScreenProxy.js",
      "id": "cordova-plugin-splashscreen.SplashScreenProxy",
      "pluginId": "cordova-plugin-splashscreen",
      "runs": true
    }
  ],
  "plugin_metadata": {
    "cordova-plugin-background-fetch": "5.6.1",
    "cordova-plugin-device": "2.0.3",
    "cordova-plugin-background-mode": "0.7.3",
    "cordova-plugin-splashscreen": "4.0.3",
    "cordova-plugin-whitelist": "1.3.4"
  }
}
